ClusterId,X-1,X-2,
0,1.98456,-2.00156,
0,2.56707,-1.0198,
0,2.27102,-1.86901,
0,2.44831,-1.39836,
0,2.57737,-1.48361,
0,2.06842,-1.39819,
0,2.61645,-1.14698,
0,2.25174,-1.43281,
0,1.3013,-3.30048,
0,1.28133,-1.07158,
0,0.61086,-1.67461,
0,0.674707,-1.74143,
0,1.15288,-1.10898,
0,0.834685,-1.34969,
0,0.505153,-2.18217,
0,0.909148,-1.69506,
0,0.563431,-2.66064,
0,0.775393,-1.47463,
0,1.07618,-1.60408,
0,0.0870169,-2.67595,
0,1.54463,-1.29604,
0,1.74517,-1.08097,
0,0.97246,-2.29968,
0,0.788251,-1.27463,
0,1.33524,-1.54365,
0,1.68271,-1.64752,
0,0.868915,-2.69208,
0,1.88939,-1.07569,
0,1.32024,-1.25903,
0,0.904718,-1.58026,
0,0.491087,-1.92924,
0,1.588,-0.875874,
0,0.129885,-2.33474,
0,2.02606,-0.705416,
0,0.498642,-1.71957,
0,1.2972,-1.58398,
0,0.449891,-2.31483,
0,1.1646,-1.7339,
0,1.56943,-1.79626,
0,0.956817,-1.68571,
0,0.834038,-1.43469,
0,0.617756,-2.23909,
0,1.46316,-1.04576,
0,1.66541,-1.52546,
0,1.49002,-1.81512,
0,0.647141,-1.58554,
0,0.562436,-2.21296,
0,1.04225,-1.15992,
0,1.57467,-0.880934,
0,1.43442,-1.54314,
0,1.79766,-0.894625,
0,1.4421,-1.45941,
0,1.88824,-0.795697,
0,1.7841,-1.52895,
0,0.793808,-0.816308,
0,0.101774,-1.85379,
0,-0.666692,-2.53917,
0,-0.060747,-2.12157,
0,0.500851,-0.702451,
0,0.122934,-2.02981,
0,1.47732,-0.651014,
0,-0.652168,-2.36044,
0,0.842788,-0.824247,
0,0.383813,-1.32017,
0,-0.0708648,-1.40395,
0,2.07096,-0.613034,
0,0.34351,-1.26071,
0,0.49166,-1.15648,
0,0.794432,-0.693863,
0,0.648247,-1.01801,
0,-0.740045,-2.38521,
0,0.456886,-0.871776,
0,0.598307,-0.696857,
0,0.755434,-0.810066,
0,1.04672,-0.640678,
0,0.928612,-0.880766,
0,-0.447604,-2.2767,
0,-0.584993,-2.06124,
0,1.40744,-0.786218,
0,0.752086,-1.21954,
0,0.77233,-0.881374,
0,0.781607,-1.0573,
0,1.21515,-0.707724,
0,0.694459,-0.662465,
0,1.22837,-0.617,
0,1.2069,-0.635969,
0,0.0314058,-1.85656,
0,1.18019,-0.789034,
0,1.36484,-0.668468,
0,0.00860127,-1.48748,
0,0.254422,-1.05549,
0,0.349837,-1.08569,
0,0.152014,-1.42755,
0,-0.281611,-1.65176,
0,0.82416,-0.737184,
0,0.475314,-1.31081,
0,1.06718,-0.949108,
0,0.751938,-0.815739,
0,0.71569,-0.93603,
0,0.325393,-1.13354,
0,1.06532,-0.715847,
0,1.12156,-0.645939,
0,-0.214695,-1.76869,
0,0.480858,-1.524,
0,1.66723,-0.764297,
0,0.621347,-1.01219,
0,0.265699,-1.56439,
0,0.886399,-0.734625,
0,0.317201,-1.83586,
0,-0.418597,-1.90297,
0,-0.493271,-1.88047,
0,0.113516,-1.51288,
0,1.33202,-0.615303,
0,0.688042,-1.00848,
0,-0.296029,-1.69879,
0,0.0564729,-2.08387,
0,-0.081001,-2.18952,
0,0.0790885,-1.91596,
0,1.52407,-0.655792,
0,0.0562046,-2.16434,
0,0.155422,-1.40641,
0,0.951462,-0.99474,
0,-0.463368,-1.95316,
0,-0.296378,-2.14273,
0,-0.276479,-1.69942,
0,0.534375,-0.558836,
0,0.277679,-0.844375,
0,0.260402,-0.715257,
0,1.02696,-0.498987,
0,0.781582,-0.646782,
0,-0.265626,-1.19088,
0,0.0835202,-1.08562,
0,0.945408,-0.525872,
0,-0.932728,-2.14046,
0,1.09622,-0.602183,
0,-0.438733,-1.28709,
0,0.462913,-0.679077,
0,0.661658,-0.543665,
0,1.59095,-0.499693,
0,0.660232,-0.651367,
0,1.26197,-0.529449,
0,-0.762238,-1.75555,
0,1.25245,-0.433276,
0,-0.130315,-1.27143,
0,0.555126,-0.518717,
0,-0.317282,-1.26175,
0,-0.393752,-1.72784,
0,0.452348,-0.431151,
0,0.0547732,-0.811085,
0,0.282097,-0.704012,
0,0.369348,-0.576661,
0,0.425185,-0.53664,
0,-0.608652,-1.47181,
0,2.25701,-0.448537,
0,-0.00321042,-0.864693,
0,0.518137,-0.506094,
0,-0.0784146,-1.0925,
0,-0.0850053,-0.91073,
0,1.11862,-0.475888,
0,0.31073,-0.804293,
0,-0.17018,-1.09453,
0,-0.366779,-1.49485,
0,-0.262419,-1.36568,
0,-0.142291,-1.42371,
0,0.457853,-0.500451,
0,-0.0339759,-1.19496,
0,0.525751,-0.651912,
0,0.473406,-0.556432,
0,-0.0131208,-1.03169,
0,-0.450254,-1.65357,
0,0.34041,-0.461407,
0,0.745605,-0.583279,
0,0.830959,-0.592931,
0,1.09441,-0.597899,
0,0.928758,-0.58569,
0,-0.292268,-1.39474,
0,0.565073,-0.480718,
0,0.14781,-0.832586,
0,0.127274,-0.98221,
0,0.569127,-0.553684,
0,0.599557,-0.633886,
0,0.590646,-0.527409,
0,-0.231438,-1.25641,
0,1.01006,-0.589695,
0,1.30447,-0.468321,
0,0.345536,-0.679154,
0,-0.479849,-1.63319,
0,0.39151,-0.709198,
0,-0.228271,-1.09959,
0,0.800714,-0.635923,
0,0.282682,-0.682152,
0,0.205354,-0.692617,
0,0.769313,-0.548818,
0,-0.464698,-1.51673,
0,0.184913,-0.620889,
0,-0.338114,-1.07698,
0,-0.682106,-1.43935,
0,0.784065,-0.257963,
0,0.306351,-0.448818,
0,-0.36286,-1.06726,
0,-0.176863,-0.970523,
0,-0.436786,-1.21977,
0,0.149551,-0.420569,
0,0.360442,-0.345353,
0,0.584886,-0.361497,
0,0.527518,-0.313112,
0,1.29824,-0.284246,
0,0.109305,-0.416859,
0,0.701756,-0.377003,
0,0.958516,-0.391559,
0,0.746994,-0.262274,
0,0.117275,-0.489857,
0,0.23012,-0.521379,
0,0.390299,-0.328866,
0,1.00757,-0.378393,
0,0.953807,-0.339727,
0,0.750897,-0.311722,
0,1.03295,-0.398441,
0,-0.217445,-0.980911,
0,-0.460376,-1.19234,
0,1.05264,-0.34479,
0,-0.175759,-0.955356,
0,-0.616326,-1.36835,
0,0.122917,-0.593175,
0,-0.0208496,-0.737444,
0,-0.0518328,-0.793993,
0,-0.158595,-0.931047,
0,-0.052718,-0.6592,
0,-0.246369,-0.963542,
0,-0.0538897,-0.743975,
0,-0.433739,-1.24506,
0,0.253399,-0.297696,
0,-0.188152,-0.7936,
0,-0.664647,-1.42095,
0,-0.00223048,-0.590357,
0,0.0189484,-0.70172,
0,0.467851,-0.301524,
0,1.31633,-0.295087,
0,0.289719,-0.370613,
0,1.2696,-0.413279,
0,0.0988063,-0.643885,
0,0.496466,-0.343575,
0,0.230885,-0.334936,
0,-0.149086,-0.74446,
0,2.31666,-0.349468,
0,0.552967,-0.370957,
0,0.342355,-0.285773,
0,0.973049,-0.388564,
0,0.601568,-0.339273,
0,0.48708,-0.388476,
0,0.28907,-0.405585,
0,0.399663,-0.182859,
0,-0.482426,-1.03917,
0,-0.225423,-0.771273,
0,-0.0409467,-0.369792,
0,0.268223,-0.156494,
0,-0.0388085,-0.428776,
0,0.468726,-0.240402,
0,0.141076,-0.145841,
0,0.255822,-0.203653,
0,0.708405,-0.221531,
0,0.195981,-0.205452,
0,0.745252,-0.18507,
0,0.353689,-0.166787,
0,-0.503719,-1.11843,
0,-0.0900475,-0.465627,
0,0.368588,-0.186477,
0,0.204607,-0.164207,
0,1.04674,-0.173993,
0,-0.0189618,-0.337693,
0,-0.38691,-0.973287,
0,0.779317,-0.243595,
0,-0.388747,-0.967097,
0,0.455214,-0.212551,
0,-0.0130648,-0.387665,
0,0.730808,-0.219511,
0,-0.456298,-1.00242,
0,-0.00891991,-0.314021,
0,-0.0328947,-0.425758,
0,0.0579964,-0.303162,
0,-0.310231,-0.772005,
0,0.29475,-0.204686,
0,0.190545,-0.245672,
0,0.744594,-0.0933759,
0,-0.228663,-0.544749,
0,0.262356,-0.0834097,
0,0.0381145,-0.110688,
0,0.612794,-0.0996625,
0,-0.230301,-0.529366,
0,1.33575,-0.116168,
0,-0.201093,-0.481606,
0,0.02386,-0.214563,
0,1.65851,-0.137828,
0,0.965151,-0.0963679,
0,0.336059,-0.0875771,
0,0.0448479,-0.175882,
0,1.28876,-0.0840371,
0,0.505941,-0.0604466,
0,2.57146,-0.107189,
0,0.266167,-0.0762755,
0,0.851711,-0.0768351,
0,0.420682,-0.0740846,
0,1.2202,-0.0745427,
0,0.239879,-0.0598365,
0,1.71645,-0.101615,
0,0.542022,-0.0348887,
0,1.08425,-0.039298,
0,0.807745,-0.0482457,
0,0.915836,-0.0286578,
0,0.322272,-0.032516,
0,1.38305,-0.0147102,
0,1.892,0.0202905,
0,1.88629,0.0548185,
0,0.843431,-0.00235861,
0,1.29608,0.0328011,
0,0.834038,0.0123636,
0,0.565045,-0.00530442,
0,1.01701,0.0369714,
1,1.12461,0.871278,
1,1.13589,0.222822,
1,1.69369,1.7344,
1,1.58765,0.773976,
1,0.961586,1.42254,
1,1.6632,0.192548,
1,1.01912,0.149136,
1,0.993091,1.90991,
1,2.40395,0.452394,
1,1.0212,0.188992,
1,0.988662,0.923204,
1,1.20101,0.356976,
1,1.48817,0.537101,
1,2.23614,0.331118,
1,1.75897,0.630906,
1,2.23324,1.2484,
1,1.02687,0.638333,
1,1.1164,1.00533,
1,1.03414,1.41743,
1,1.09362,0.407959,
1,1.39499,0.395582,
1,1.02138,0.374928,
1,1.11363,1.24403,
1,1.26418,0.0904412,
1,1.09441,0.572418,
1,2.91158,1.41595,
1,2.38565,2.11165,
1,1.21365,1.16757,
1,1.44925,0.805413,
1,1.06459,0.559978,
1,2.42119,0.195463,
1,2.12361,0.793393,
1,1.32654,0.201617,
1,0.97773,1.47658,
1,1.06516,0.171171,
1,1.32881,0.891405,
1,0.979584,0.658607,
1,1.04361,3.23828,
1,1.27876,0.313178,
1,1.67441,0.819009,
1,1.35191,0.725598,
1,0.956588,1.28406,
1,1.19753,0.744703,
1,1.30813,0.559313,
1,1.35943,1.76378,
1,2.27463,1.47947,
1,1.43734,0.516124,
1,2.28246,2.44417,
1,1.9848,0.567339,
1,1.33503,1.24772,
1,1.03248,0.283273,
1,0.865553,3.78307,
1,1.57144,0.305399,
1,1.4149,1.95295,
1,1.5318,0.333379,
1,2.02622,1.45757,
1,1.91164,0.132742,
1,1.31651,0.613505,
1,1.12594,0.600713,
1,1.07709,0.77568,
1,1.27313,0.3741,
1,1.1922,0.694188,
1,1.03355,0.57845,
1,0.9648,1.18454,
1,1.46182,0.598735,
1,1.38039,0.160306,
1,1.0373,0.827137,
1,1.67569,0.416954,
1,1.62915,0.455574,
1,1.79689,0.273235,
1,1.86687,0.261233,
1,1.09844,1.53014,
1,1.41684,1.98628,
1,1.17548,0.43956,
1,0.98557,0.462345,
1,1.45329,1.43371,
1,1.06447,0.832052,
1,1.19776,0.565769,
1,2.49338,1.33307,
1,0.770766,0.737295,
1,0.895612,1.12312,
1,0.797592,1.18241,
1,0.940457,0.236894,
1,0.604182,0.199548,
1,0.703561,0.753216,
1,0.829344,1.15807,
1,0.43061,1.77974,
1,0.536629,1.16747,
1,0.778109,0.0563903,
1,0.724399,0.655772,
1,0.608672,0.597731,
1,0.383681,1.83876,
1,0.971433,0.313811,
1,0.462669,0.995513,
1,0.798875,1.01262,
1,0.857879,1.0199,
1,0.596785,0.0488024,
1,0.508093,1.34341,
1,0.859081,2.64252,
1,0.631398,0.0944527,
1,0.455601,2.02615,
1,0.686971,1.39645,
1,0.657921,0.31093,
1,0.490366,1.13686,
1,0.424388,1.92656,
1,0.588913,0.545467,
1,0.704349,0.413444,
1,0.76155,1.18564,
1,0.480463,0.96355,
1,0.533062,1.1602,
1,0.72918,0.461479,
1,0.552965,0.101966,
1,0.784994,2.24,
1,0.5397,0.213701,
1,0.71954,0.431287,
1,0.726197,1.40078,
1,0.914284,0.156566,
1,0.42613,1.71122,
1,0.77486,0.403904,
1,0.558012,0.390925,
1,0.540433,0.505205,
1,0.674091,1.64694,
1,0.623829,1.40721,
1,0.628354,0.243016,
1,0.793958,0.487044,
1,0.702415,2.53677,
1,0.774838,0.868341,
1,0.817834,1.38187,
1,0.953333,1.07814,
1,0.630809,0.635554,
1,0.904634,1.14631,
1,0.616629,0.523807,
1,0.627893,2.07826,
1,0.55367,0.881742,
1,0.828127,0.662775,
1,0.845245,1.42613,
1,0.495629,0.87562,
1,0.95126,0.432711,
1,0.70374,1.01337,
1,0.478436,1.00924,
1,0.665561,0.548958,
1,0.738804,0.687158,
1,0.599877,2.98518,
1,0.791031,1.51709,
1,0.593677,0.526189,
1,0.421363,0.722693,
1,0.0828918,1.57359,
1,0.118125,1.09084,
1,0.351408,0.167112,
1,0.231175,1.48261,
1,0.404462,0.122191,
1,0.348459,0.349396,
1,0.330582,0.210555,
1,0.40076,0.359348,
1,0.473766,0.469419,
1,0.312106,0.812042,
1,0.284753,0.264779,
1,0.119916,0.972826,
1,0.33261,1.08244,
1,0.432566,0.0227211,
1,0.383895,0.187521,
1,0.342123,0.945743,
1,0.41474,0.328529,
1,0.477282,0.275523,
1,-0.0107738,1.93947,
1,0.215779,1.16031,
1,0.410918,0.397973,
1,-0.10135,1.80307,
1,0.26175,0.760559,
1,0.0573035,1.30936,
1,0.0748647,1.0365,
1,0.419414,0.982479,
1,0.255602,0.656627,
1,0.445081,0.422665,
1,0.342725,0.0336828,
1,0.1285,1.5229,
1,-0.076143,1.74985,
1,0.308603,0.563859,
1,-0.113904,2.56304,
1,0.168195,0.86773,
1,0.319596,1.86011,
1,0.316749,0.32249,
1,0.337345,1.70667,
1,0.476606,0.0905403,
1,-0.337486,2.86975,
1,0.307148,1.33082,
1,0.190365,1.10863,
1,0.486211,0.62334,
1,0.0911821,1.29323,
1,0.285576,0.904809,
1,0.421893,1.31296,
1,0.453154,0.856611,
1,0.299132,0.448523,
1,0.203431,1.30857,
1,0.325815,0.118476,
1,0.353696,0.75671,
1,0.388171,1.67295,
1,0.432579,0.868634,
1,0.117205,1.4701,
1,0.0836228,1.37264,
1,0.281506,1.16032,
1,-0.0413311,2.06469,
1,0.464398,0.56593,
1,0.112546,1.02939,
1,0.250262,0.995279,
1,0.328051,0.900104,
1,0.426423,0.822553,
1,0.124062,1.33482,
1,0.136254,2.18918,
1,0.200336,0.5292,
1,0.413004,0.391173,
1,0.365775,0.447972,
1,0.158347,1.02243,
1,0.25478,1.59148,
1,0.251521,0.719096,
1,0.255139,0.112323,
1,-0.106794,0.751562,
1,-0.221203,1.35222,
1,-0.444677,1.8665,
1,-0.111075,1.62451,
1,0.0244578,0.698613,
1,-0.100239,0.935721,
1,0.0312942,0.889338,
1,0.240111,0.0310432,
1,0.033564,0.435975,
1,0.0932084,0.388806,
1,0.0739742,0.395076,
1,-0.0431333,1.25098,
1,-0.109089,1.20467,
1,0.149725,0.399804,
1,0.237457,-0.00526534,
1,-0.0866641,0.870476,
1,-0.0691834,0.737468,
1,-0.293274,2.09975,
1,-0.059675,0.704342,
1,0.211385,0.366189,
1,-0.581507,1.92186,
1,-0.451695,1.94279,
1,0.23059,0.0375207,
1,0.0242117,0.75487,
1,-0.370461,1.90062,
1,0.157762,0.149464,
1,-0.0472212,0.899936,
1,-0.307169,2.30703,
1,-0.0605184,1.11585,
1,0.126955,0.711862,
1,-0.0839811,1.23024,
1,0.248427,0.0817946,
1,-0.486581,2.228,
1,0.160488,0.233166,
1,-0.309125,1.48904,
1,-0.126571,1.46946,
1,-0.219648,1.52338,
1,0.0368037,1.05121,
1,-0.00655631,0.966742,
1,0.0352326,1.07169,
1,-0.0662597,1.14583,
1,-0.0149817,0.770133,
1,-0.210281,1.05112,
1,0.249382,0.124023,
1,0.169291,0.253912,
1,-0.225459,1.1762,
1,-0.31693,2.13709,
1,-0.0159493,1.241,
1,-0.364114,1.67418,
1,0.0819603,0.873247,
1,-0.62978,1.65042,
1,-0.413071,1.43994,
1,-0.612993,1.52617,
1,-0.726914,2.03379,
1,-0.661312,1.71979,
1,-0.241272,0.682043,
1,-0.125102,0.479829,
1,-0.0533944,0.412281,
1,-0.121166,0.764344,
1,-0.635872,1.53751,
1,-0.206637,0.783273,
1,-0.764883,1.88036,
1,-0.499989,1.6731,
1,-0.579972,1.4732,
1,-0.265754,0.725342,
1,0.0560742,0.332416,
1,0.0611737,0.15161,
1,-0.0470531,0.297262,
1,-0.646311,1.53334,
1,-0.133284,0.507869,
1,-0.591444,1.42938,
1,-0.284991,1.01747,
1,0.0870197,0.188844,
1,-0.0405227,0.450793,
1,-0.0591297,0.446965,
1,0.166493,-0.00715929,
1,-0.615622,1.63605,
1,-0.189432,0.765664,
1,-0.493774,1.10917,
1,-0.255972,0.592291,
1,0.00382725,0.178939,
1,-0.380836,0.837708,
1,-0.687138,1.31849,
1,-0.489213,1.02715,
1,-0.00544749,0.104414,
1,-0.632161,1.25169,
1,-0.0442649,0.259089,
1,-0.553326,1.19164,
1,-0.00644714,0.145489,
1,-0.0315537,0.247201,
1,-0.184667,0.537047,
1,-0.153621,0.486833,
1,-0.252778,0.600307,
1,-0.183724,0.489829,
1,-0.590926,1.33983,
1,-0.123481,0.41547,
1,-0.493763,0.978319,
1,-0.472578,1.09459,
1,-0.142663,0.245308,
1,-0.314108,0.552399,
1,-0.215651,0.441752,
1,-0.632908,1.16035,
1,-0.0013484,0.0599626,
1,-0.509663,0.974973,
1,-0.299739,0.52336,
1,-0.0119659,0.0879944,
1,-0.00295277,0.00459473,
1,-0.677246,1.18866,
1,-0.720688,1.30882,
1,-0.237052,0.388814,
1,-0.703646,1.1468,
1,-0.121337,0.195602,
1,-0.517558,0.836903,
1,-0.880544,1.46137,
1,-0.441722,0.642079,
1,-0.894693,1.4164,
1,-0.575946,0.892608,
1,-0.103549,0.104176,
1,-0.699126,1.03603,
1,-0.72696,1.0669,
1,-0.924983,1.31931,
1,-0.467249,0.635693,
1,-1.16856,1.62027,
2,-1.81222,-1.40177,
2,-0.60589,0.117394,
2,-1.91042,1.68301,
2,-1.42736,-0.10082,
2,-0.798152,1.06216,
2,-0.971096,-1.05432,
2,-2.26044,-0.0247277,
2,-0.293355,-0.321086,
2,-2.40265,0.79398,
2,-0.942424,-0.755972,
2,-2.56025,0.360009,
2,-0.232264,0.269645,
2,-1.45939,-0.311939,
2,-2.2938,0.936041,
2,-1.33552,0.232676,
2,-0.692615,-0.0166672,
2,-1.99562,-1.80095,
2,-1.74182,-0.665486,
2,-1.94658,0.13228,
2,-1.07948,0.505963,
2,-0.268555,-0.0994549,
2,-1.00856,1.19423,
2,-0.689418,-0.957315,
2,-1.92994,-0.0558939,
2,-0.600869,-1.0187,
2,-0.823041,-1.02279,
2,-0.237741,-0.440347,
2,-0.982902,-0.371456,
2,-1.01538,-0.223291,
2,-0.716171,-0.383265,
2,-2.46619,0.0836259,
2,-1.41894,-0.0490662,
2,-0.462674,-0.305864,
2,-0.694585,-0.623632,
2,-0.804219,0.0242191,
2,-0.642231,0.162182,
2,-0.606873,-0.57706,
2,-1.78323,0.452387,
2,-2.29003,0.0858456,
2,-1.00876,1.27057,
2,-1.87435,1.29431,
2,-0.756801,-0.819075,
2,-1.94498,-0.540436,
2,-0.660661,0.552079,
2,-1.30794,0.730617,
2,-0.325727,0.17473,
2,-0.193443,-0.0684592,
2,-0.599208,0.190069,
2,-0.614491,0.381141,
2,-1.56183,-0.938353,
2,-1.98356,0.414941,
2,-0.245051,-0.288124,
2,-1.74705,-0.184617,
2,-0.729706,0.0247768,
2,-0.186451,-0.199532,
2,-1.94146,0.456063,
2,-0.0508059,-0.0253642,
2,-0.481032,-0.42575,
2,-2.11566,-1.3535,
2,-2.15881,1.50397,
2,-1.51515,0.742655,
2,-1.05137,0.559062,
2,-1.17434,0.136861,
2,-1.53122,-0.302096,
2,-0.589949,0.333076,
2,-0.593681,0.568318,
2,-1.88119,-0.0110527,
2,-1.36566,-0.290967,
2,-1.65227,0.310443,
2,-0.798845,-0.485318,
2,-0.457927,-0.238797,
2,-0.466759,-0.789186,
2,-0.672228,-1.15035,
2,-1.44924,-0.186571,
2,-0.516209,0.217133,
2,-1.85738,-0.510498,
2,-0.403641,-0.141664,
2,-1.14468,-0.524602,
2,-1.09652,-0.147375,
2,-0.433383,-0.19924,
2,-0.816006,-1.15204,
2,-0.379113,0.272224,
2,-1.24255,0.0186454,
2,-0.909944,-0.313301,
2,-0.932292,0.27654,
2,-1.51927,-1.53247,
2,-2.30909,0.366933,
2,-1.45576,0.0313557,
2,-0.439617,-0.168785,
2,-1.22911,-1.30237,
2,-1.19815,-1.4028,
2,-1.16831,0.876318,
2,-0.731367,-1.27524,
2,-1.05837,-0.0914207,
2,-1.58856,0.343342,
2,-1.10122,-0.182104,
2,-0.380462,0.137675,
2,-0.97015,0.548863,
2,-0.322057,0.122732,
2,-1.0747,0.198371,
2,-0.902854,-1.13398,
2,-0.490623,-0.173953,
2,-1.70729,0.790563,
2,-0.693208,0.55377,
2,-0.328043,0.24997,
2,-0.964063,0.368748,
2,-0.635234,-1.01758,
2,-1.52706,-0.199663,
2,-1.10162,-1.58525,
2,-0.666489,0.790152,
2,-2.09246,-0.142997,
2,-1.38058,0.6439,
2,-1.46888,1.02499,
2,-0.684952,-1.13893,
2,-0.501734,-0.841577,
2,-1.31487,1.24004,
2,-2.49507,-0.448868,
2,-0.84172,-0.132707,
2,-1.1783,-0.623458,
2,-0.879977,0.16716,
2,-1.07323,0.651241,
2,-1.05236,-1.19728,
2,-1.35007,1.76811,
2,-0.272926,-0.480301,
2,-2.48959,-0.848912,
2,-0.637656,-0.786005,
2,-0.693566,0.377537,
2,-1.26127,-1.61287,
2,-0.640616,0.278252,
2,-1.20285,-1.06948,
2,-1.00613,-0.356834,
2,-1.31811,0.346353,
2,-0.870749,0.599525,
2,-0.556959,-0.722719,
2,-1.14139,-1.27947,
2,-2.72803,1.74091,
2,-0.552992,-0.919151,
2,-0.778587,0.505453,
2,-1.69053,-0.669119,
2,-0.325298,0.308295,
2,-0.227317,0.192229,
2,-0.499083,0.0767159,
2,-0.716321,-1.0475,
2,-0.300005,-0.210472,
2,-0.595361,-0.656673,
2,-1.03502,1.11948,
2,-1.87812,-0.857859,
2,-0.328075,0.265104,
2,-1.05969,-1.62238,
2,-1.85032,0.0536209,
2,-0.49935,0.0921216,
2,-0.960334,0.942365,
2,-0.50677,0.413544,
2,-0.978171,0.838656,
2,-0.867622,0.826516,
2,-1.11461,-0.667095,
2,-0.564638,-0.0429515,
2,-0.064744,-0.0236364,
2,-1.17473,-0.625215,
2,-0.693672,0.111333,
2,-1.62832,-2.31469,
2,-0.904778,0.237187,
2,-1.28675,-1.58302,
2,-0.52012,0.050966,
2,-0.419691,0.0141557,
2,-1.25674,0.58852,
2,-1.09938,0.114344,
2,-0.708807,-0.0780344,
2,-1.04168,-1.21132,
2,-1.07551,1.13518,
2,-1.818,-1.87205,
2,-1.78246,-1.66297,
2,-0.201529,-0.0577424,
2,-1.19144,-0.196952,
2,-1.55587,-0.0638326,
2,-2.64963,-0.870813,
2,-1.11952,0.0285254,
2,-1.62088,-1.33512,
2,-0.526539,0.111875,
2,-0.287756,0.0423271,
2,-1.06791,-0.835736,
2,-1.44497,-0.156104,
2,-0.965319,-1.19467,
2,-0.520609,0.0888161,
2,-0.497981,-0.4583,
2,-0.2612,-0.00955499,
2,-0.885246,-0.427364,
2,-0.423283,-0.314861,
2,-1.89426,-0.355372,
2,-2.36971,-0.269521,
2,-1.7252,-0.974841,
2,-2.72123,-1.67672,
2,-0.14607,-0.0379859,
2,-0.771197,-0.0964361,
2,-0.595132,0.428332,
2,-0.883237,-0.712049,
2,-0.621497,-0.657811,
2,-0.478317,0.51516,
2,-0.450129,0.141145,
2,-1.29682,-0.757093,
2,-0.442978,0.101427,
2,-0.558254,0.106725,
2,-0.485446,-0.446031,
2,-0.858049,0.238262,
2,-1.89336,0.636544,
2,-1.7387,-0.0864519,
2,-1.85567,-0.0718918,
2,-1.58239,0.161066,
2,-0.70264,0.609267,
2,-2.34138,-0.436317,
2,-1.06601,0.944266,
2,-2.25177,0.342928,
2,-1.77701,-0.0406174,
2,-0.320809,-0.299941,
2,-0.909575,-0.861953,
2,-0.441624,-0.708791,
2,-0.616283,-0.872741,
2,-0.780524,-0.417576,
2,-2.31615,0.615261,
2,-1.35177,-0.303711,
2,-1.43997,-1.00732,
2,-0.169593,-0.27387,
2,-0.831489,-0.75842,
2,-0.285912,-0.50931,
2,-0.480299,0.493529,
2,-0.115291,0.0335346,
2,-1.44491,0.0317725,
2,-0.980652,0.802389,
2,-0.322315,-0.132358,
2,-3.08758,0.626752,
2,-1.22291,-0.225256,
2,-0.799982,-0.671575,
2,-1.25917,0.104565,
2,-0.395947,0.137948,
2,-0.700041,-0.353267,
2,-1.35176,-0.830933,
2,-1.38557,0.793375,
2,-0.834574,-0.733004,
2,-0.704728,-0.518642,
2,-0.479127,-0.756296,
2,-0.349583,-0.641665,
2,-0.938149,0.270543,
2,-0.606117,0.354499,
2,-0.787527,-0.16686,
2,-0.805115,0.644314,
2,-0.265011,0.158414,
2,-1.46027,1.56613,
2,-0.383717,-0.597089,
2,-1.43891,0.428936,
2,-1.76583,-0.00109654,
2,-1.06081,0.0991904,
2,-1.268,0.590123,
2,-0.524045,-0.577871,
2,-0.256291,0.0853007,
2,-0.411545,0.0146294,
2,-0.723057,-0.420408,
2,-0.758546,-0.685384,
2,-0.830193,-0.114317,
2,-2.04063,-0.074474,
2,-1.79719,-0.818271,
2,-0.488264,0.615034,
2,-0.653642,0.582416,
2,-2.99366,-1.99717,
2,-0.167258,-0.036967,
2,-0.717452,0.18523,
2,-0.363823,-0.150272,
2,-1.45865,0.845534,
2,-0.617838,0.0570346,
2,-0.731912,-0.52724,
2,-1.28916,0.0957096,
2,-0.963891,-0.765483,
2,-1.6433,0.0769276,
2,-1.18361,0.00916965,
2,-1.71972,0.734472,
2,-0.647326,-0.0867504,
2,-0.783505,-0.159528,
2,-0.623885,-0.582845,
2,-1.64269,-1.72751,
2,-1.34252,1.81871,
2,-0.563062,-0.680952,
2,-1.00836,-1.19727,
2,-1.38555,-0.958979,
2,-0.260946,0.0407326,
2,-0.721937,0.394879,
2,-1.39022,-0.809361,
2,-1.69765,0.645297,
2,-1.08456,0.272285,
2,-0.974272,-0.265815,
2,-0.847358,0.253735,
2,-0.901163,0.610944,
2,-0.527832,-0.311723,
2,-1.37384,1.67249,
2,-0.262109,-0.13685,
2,-0.948719,0.74875,
2,-1.30326,0.380514,
2,-0.755266,-0.506525,
2,-1.9314,-0.437495,
2,-0.730514,-0.961399,
2,-0.831131,-0.123655,
2,-0.851258,-1.27397,
2,-0.563522,0.148108,
2,-1.6369,0.127109,
2,-1.11027,-0.0375037,
2,-0.215712,-0.284891,
2,-1.07614,-0.6464,
2,-1.71886,0.400304,
2,-2.35236,0.309258,
2,-0.690113,0.227821,
2,-1.49473,1.3491,
2,-1.77767,-0.0950138,
2,-1.04287,-0.683649,
2,-1.20277,0.890513,
2,-0.878038,1.06805,
2,-2.39662,-0.0114987,
2,-1.06494,-0.282264,
2,-0.0297902,-0.0272922,
2,-0.493837,-0.882899,
2,-0.32033,0.209428,
2,-0.37687,-0.485425,
2,-2.41984,1.26772,
2,-0.983138,0.648346,
2,-1.72748,-0.252115,
2,-0.731793,0.328541,
2,-2.29407,-1.2692,
2,-1.32848,0.124659,
2,-0.957774,-0.838378,
2,-0.657658,0.440319,
2,-0.664217,-0.379456,
2,-1.79166,0.269428,
2,-1.23412,0.162933,
2,-1.24358,0.11662,
2,-1.53432,1.09603,
2,-1.73351,0.0505348,
2,-1.3081,0.0879628,
2,-1.18972,-1.18848,
2,-0.600778,-0.463188,
2,-1.34095,0.223289,
2,-0.177573,0.109111,
2,-1.4549,-2.4878,
2,-1.14046,-2.05092,
2,-0.804489,-1.43355,
2,-0.544828,-1.00453,
2,-0.741662,-1.42255,
