#X,Y,X_true,Y_true,Phi,V,Zx,Zy,
0.118479,-0.137197,0.1,0,-0.00253862,1.67939,0.0695086,-0.271705,
0.245501,-0.185391,0.199995,0.000999983,-0.0101848,1.66541,0.169504,-0.270705,
0.370879,-0.21217,0.299975,0.00299985,-0.0165309,1.63817,0.269484,-0.268705,
0.489885,-0.229782,0.39993,0.0059994,-0.0190573,1.60012,0.369439,-0.265705,
0.600119,-0.241294,0.49985,0.00999833,-0.016854,1.56124,0.469359,-0.261706,
0.702376,-0.247682,0.599725,0.0149963,-0.0103075,1.53306,0.569234,-0.256708,
0.799744,-0.249631,0.699545,0.0209927,-0.000506654,1.51996,0.669054,-0.250712,
0.895412,-0.247863,0.7993,0.0279869,0.0113664,1.51838,0.768809,-0.243718,
0.991347,-0.24306,0.89898,0.0359784,0.0243705,1.52229,0.868489,-0.235726,
1.08828,-0.235781,0.998576,0.0449663,0.0378785,1.52737,0.968084,-0.226738,
1.18622,-0.226455,1.09808,0.0549496,0.0515219,1.53159,1.06758,-0.216755,
1.28488,-0.215392,1.19747,0.0659274,0.0651076,1.53444,1.16698,-0.205777,
1.38393,-0.202815,1.29675,0.0778987,0.0785466,1.53606,1.26626,-0.193806,
1.48312,-0.188881,1.39591,0.0908621,0.0918067,1.53682,1.36542,-0.180842,
1.58227,-0.173699,1.49493,0.104816,0.104884,1.53708,1.46444,-0.166888,
1.68127,-0.157347,1.59381,0.11976,0.117785,1.53709,1.56332,-0.151944,
1.78008,-0.139878,1.69253,0.135692,0.130523,1.53702,1.66204,-0.136012,
1.87868,-0.121328,1.79109,0.15261,0.143111,1.53694,1.7606,-0.119094,
1.97704,-0.101724,1.88947,0.170513,0.155559,1.53689,1.85898,-0.101191,
2.07518,-0.0810873,1.98767,0.189399,0.167878,1.53688,1.95718,-0.0823054,
2.17309,-0.0594313,2.08568,0.209266,0.180079,1.53689,2.05519,-0.0624385,
2.27076,-0.0367685,2.18348,0.230112,0.192169,1.53692,2.15299,-0.0415925,
2.3682,-0.0131086,2.28107,0.251935,0.204158,1.53695,2.25058,-0.0197695,
2.46538,0.0115402,2.37844,0.274733,0.216054,1.53698,2.34795,0.00302822,
2.5623,0.0371709,2.47557,0.298503,0.227862,1.537,2.44508,0.0267985,
2.65895,0.0637775,2.57246,0.323243,0.239591,1.53702,2.54197,0.0515389,
2.75533,0.0913548,2.6691,0.348951,0.251247,1.53704,2.63861,0.0772469,
2.85141,0.119898,2.76548,0.375625,0.262835,1.53705,2.73499,0.10392,
2.9472,0.149403,2.86159,0.40326,0.274361,1.53705,2.83109,0.131556,
3.04268,0.179866,2.95741,0.431855,0.285829,1.53705,2.92692,0.160151,
3.13783,0.211283,3.05294,0.461407,0.297246,1.53705,3.02245,0.189703,
3.23266,0.24365,3.14818,0.491913,0.308614,1.53705,3.11769,0.220209,
3.32715,0.276963,3.2431,0.52337,0.319938,1.53705,3.21261,0.251665,
3.4213,0.31122,3.33771,0.555774,0.33122,1.53704,3.30721,0.28407,
3.51509,0.346415,3.43198,0.589123,0.342465,1.53703,3.40149,0.317418,
3.60851,0.382546,3.52592,0.623413,0.353674,1.53703,3.49543,0.351708,
3.70156,0.419608,3.61951,0.65864,0.364851,1.53702,3.58902,0.386936,
3.79422,0.457597,3.71274,0.694802,0.375997,1.53701,3.68225,0.423097,
3.88649,0.496508,3.80561,0.731894,0.387115,1.537,3.77512,0.460189,
3.97836,0.536338,3.8981,0.769913,0.398206,1.53698,3.86761,0.498208,
4.06982,0.577082,3.9902,0.808854,0.409272,1.53697,3.95971,0.53715,
4.16086,0.618735,4.08192,0.848715,0.420314,1.53696,4.05142,0.577011,
4.25146,0.661293,4.17322,0.889491,0.431334,1.53694,4.14273,0.617787,
4.34163,0.704751,4.26412,0.931178,0.442333,1.53693,4.23363,0.659474,
4.43136,0.749104,4.3546,0.973772,0.453312,1.53691,4.32411,0.702068,
4.52063,0.794347,4.44464,1.01727,0.464272,1.5369,4.41415,0.745564,
4.60943,0.840475,4.53425,1.06166,0.475214,1.53688,4.50376,0.789959,
4.69776,0.887483,4.6234,1.10695,0.486138,1.53687,4.59291,0.835248,
4.78561,0.935367,4.7121,1.15313,0.497046,1.53685,4.68161,0.881426,
4.87298,0.984119,4.80034,1.20019,0.507938,1.53683,4.76984,0.928488,
4.95984,1.03374,4.88809,1.24814,0.518814,1.53682,4.8576,0.976431,
5.0462,1.08421,4.97537,1.29695,0.529675,1.5368,4.94488,1.02525,
5.13204,1.13554,5.06215,1.34664,0.540522,1.53678,5.03166,1.07494,
5.21736,1.18772,5.14843,1.39719,0.551356,1.53676,5.11794,1.12549,
5.30215,1.24074,5.2342,1.44861,0.562175,1.53674,5.20371,1.1769,
5.3864,1.2946,5.31945,1.50088,0.572982,1.53673,5.28896,1.22917,
5.4701,1.34929,5.40418,1.554,0.583776,1.53671,5.37369,1.28229,
5.55325,1.4048,5.48837,1.60796,0.594558,1.53669,5.45788,1.33625,
5.63584,1.46114,5.57202,1.66276,0.605327,1.53667,5.54153,1.39106,
5.71785,1.51829,5.65511,1.7184,0.616085,1.53665,5.62462,1.44669,
5.79929,1.57624,5.73764,1.77486,0.626832,1.53663,5.70715,1.50316,
5.88014,1.635,5.81961,1.83215,0.637567,1.53662,5.78912,1.56044,
5.96039,1.69456,5.901,1.89025,0.648291,1.5366,5.87051,1.61855,
6.04005,1.7549,5.9818,1.94917,0.659005,1.53658,5.95131,1.67746,
6.11909,1.81603,6.06201,2.00889,0.669708,1.53656,6.03152,1.73718,
6.19752,1.87794,6.14162,2.0694,0.6804,1.53654,6.11113,1.7977,
6.27532,1.94062,6.22062,2.13072,0.691083,1.53652,6.19013,1.85901,
6.35249,2.00406,6.299,2.19281,0.701755,1.53651,6.26851,1.92111,
6.42902,2.06826,6.37676,2.25569,0.712418,1.53649,6.34627,1.98399,
6.50491,2.13322,6.45388,2.31935,0.723071,1.53647,6.42339,2.04764,
6.58014,2.19892,6.53037,2.38377,0.733715,1.53645,6.49987,2.11206,
6.6547,2.26536,6.6062,2.44895,0.744349,1.53643,6.57571,2.17725,
6.7286,2.33253,6.68138,2.51489,0.754974,1.53642,6.65089,2.24319,
6.80183,2.40043,6.7559,2.58158,0.76559,1.5364,6.72541,2.30987,
6.87437,2.46905,6.82975,2.64901,0.776198,1.53638,6.79925,2.3773,
6.94622,2.53838,6.90292,2.71717,0.786796,1.53636,6.87242,2.44547,
7.01738,2.60841,6.9754,2.78606,0.797386,1.53635,6.94491,2.51436,
7.08783,2.67915,7.04719,2.85568,0.807967,1.53633,7.0167,2.58397,
7.15757,2.75057,7.11828,2.926,0.81854,1.53631,7.08779,2.6543,
7.2266,2.82268,7.18867,2.99704,0.829104,1.5363,7.15817,2.72534,
7.2949,2.89547,7.25834,3.06878,0.83966,1.53628,7.22785,2.79707,
7.36247,2.96892,7.32729,3.1412,0.850209,1.53626,7.29679,2.8695,
7.42931,3.04304,7.39551,3.21432,0.860749,1.53625,7.36502,2.94261,
7.4954,3.11782,7.463,3.28811,0.871281,1.53623,7.4325,3.01641,
7.56075,3.19324,7.52974,3.36258,0.881806,1.53622,7.49925,3.09087,
7.62533,3.26931,7.59574,3.4377,0.892323,1.5362,7.56525,3.166,
7.68916,3.34601,7.66098,3.51349,0.902833,1.53619,7.63049,3.24178,
7.75222,3.42333,7.72547,3.58992,0.913334,1.53617,7.69498,3.31822,
7.8145,3.50127,7.78918,3.667,0.923829,1.53616,7.75869,3.39529,
7.876,3.57983,7.85212,3.7447,0.934317,1.53614,7.82163,3.473,
7.93672,3.65898,7.91428,3.82304,0.944797,1.53613,7.88379,3.55133,
7.99664,3.73873,7.97566,3.90199,0.95527,1.53611,7.94517,3.63028,
8.05576,3.81907,8.03624,3.98155,0.965736,1.5361,8.00575,3.70984,
8.11409,3.89999,8.09602,4.06171,0.976195,1.53608,8.06553,3.79,
8.1716,3.98148,8.155,4.14246,0.986648,1.53607,8.12451,3.87076,
8.2283,4.06353,8.21317,4.22381,0.997094,1.53605,8.18268,3.9521,
8.28417,4.14614,8.27052,4.30572,1.00753,1.53604,8.24003,4.03402,
8.33922,4.2293,8.32705,4.38821,1.01797,1.53603,8.29656,4.11651,
8.39344,4.31299,8.38276,4.47126,1.02839,1.53601,8.35226,4.19956,
8.44682,4.39722,8.43762,4.55487,1.03881,1.536,8.40713,4.28316,
8.49936,4.48196,8.49165,4.63901,1.04923,1.53599,8.46116,4.36731,
8.55106,4.56723,8.54484,4.7237,1.05963,1.53597,8.51435,4.45199,
8.6019,4.65299,8.59718,4.80891,1.07003,1.53596,8.56669,4.5372,
8.65188,4.73926,8.64866,4.89464,1.08043,1.53595,8.61817,4.62293,
8.701,4.82601,8.69928,4.98088,1.09082,1.53594,8.66879,4.70917,
8.74926,4.91325,8.74904,5.06762,1.1012,1.53592,8.71855,4.79591,
8.79664,5.00096,8.79793,5.15485,1.11158,1.53591,8.76743,4.88315,
8.84315,5.08913,8.84594,5.24257,1.12195,1.5359,8.81545,4.97087,
8.88877,5.17775,8.89307,5.33077,1.13232,1.53589,8.86258,5.05907,
8.93351,5.26683,8.93932,5.41943,1.14268,1.53588,8.90883,5.14773,
8.97736,5.35634,8.98468,5.50855,1.15304,1.53587,8.95419,5.23685,
9.02032,5.44627,9.02915,5.59812,1.16339,1.53585,8.99865,5.32642,
9.06238,5.53663,9.07271,5.68813,1.17373,1.53584,9.04222,5.41643,
9.10354,5.6274,9.11538,5.77857,1.18407,1.53583,9.08489,5.50687,
9.14379,5.71857,9.15714,5.86944,1.1944,1.53582,9.12665,5.59773,
9.18313,5.81013,9.19799,5.96071,1.20473,1.53581,9.1675,5.68901,
9.22155,5.90208,9.23792,6.05239,1.21506,1.5358,9.20743,5.78069,
9.25906,5.9944,9.27694,6.14447,1.22538,1.53579,9.24645,5.87277,
9.29564,6.08708,9.31503,6.23693,1.23569,1.53578,9.28454,5.96523,
9.3313,6.18013,9.3522,6.32977,1.246,1.53577,9.3217,6.05806,
9.36604,6.27352,9.38843,6.42297,1.25631,1.53576,9.35794,6.15127,
9.39984,6.36725,9.42373,6.51653,1.26661,1.53575,9.39324,6.24483,
9.4327,6.4613,9.4581,6.61044,1.2769,1.53574,9.42761,6.33874,
9.46462,6.55568,9.49152,6.70469,1.28719,1.53573,9.46103,6.43299,
9.49561,6.65037,9.524,6.79927,1.29748,1.53572,9.49351,6.52757,
9.52565,6.74536,9.55553,6.89417,1.30776,1.53571,9.52504,6.62246,
9.55474,6.84064,9.58611,6.98938,1.31804,1.5357,9.55562,6.71767,
9.58287,6.9362,9.61574,7.08489,1.32831,1.53569,9.58525,6.81318,
9.61006,7.03204,9.64441,7.18069,1.33858,1.53569,9.61392,6.90898,
9.63629,7.12814,9.67213,7.27677,1.34885,1.53568,9.64164,7.00507,
9.66156,7.22449,9.69888,7.37313,1.35911,1.53567,9.66839,7.10142,
9.68587,7.32109,9.72466,7.46975,1.36937,1.53566,9.69417,7.19804,
9.70921,7.41792,9.74948,7.56662,1.37962,1.53565,9.71899,7.29491,
9.73159,7.51498,9.77333,7.66373,1.38987,1.53564,9.74284,7.39203,
9.753,7.61225,9.7962,7.76108,1.40012,1.53563,9.76571,7.48938,
9.77344,7.70973,9.8181,7.85865,1.41036,1.53563,9.78761,7.58695,
9.79291,7.80741,9.83903,7.95644,1.4206,1.53562,9.80854,7.68474,
9.8114,7.90527,9.85897,8.05443,1.43083,1.53561,9.82848,7.78273,
9.82891,8.00331,9.87794,8.15262,1.44106,1.5356,9.84744,7.88091,
9.84545,8.10152,9.89592,8.25099,1.45129,1.5356,9.86543,7.97928,
9.86101,8.19988,9.91291,8.34953,1.46151,1.53559,9.88242,8.07783,
9.87559,8.2984,9.92892,8.44824,1.47173,1.53558,9.89843,8.17654,
9.88918,8.39705,9.94395,8.54711,1.48195,1.53557,9.91346,8.2754,
9.90179,8.49583,9.95798,8.64612,1.49216,1.53557,9.92749,8.37441,
9.91342,8.59473,9.97102,8.74526,1.50237,1.53556,9.94053,8.47356,
9.92405,8.69374,9.98307,8.84453,1.51258,1.53555,9.95258,8.57283,
9.9337,8.79284,9.99413,8.94392,1.52278,1.53555,9.96364,8.67222,
9.94237,8.89204,10.0042,9.04341,1.53298,1.53554,9.9737,8.77171,
9.95004,8.99131,10.0133,9.143,1.54318,1.53553,9.98277,8.8713,
9.95672,9.09066,10.0213,9.24268,1.55338,1.53553,9.99084,8.97097,
9.96241,9.19007,10.0284,9.34243,1.56357,1.53552,9.99791,9.07072,
9.96711,9.28952,10.0345,9.44224,1.57376,1.53551,10.004,9.17054,
9.97082,9.38902,10.0396,9.54211,1.58394,1.53551,10.0091,9.27041,
9.97354,9.48854,10.0436,9.64203,1.59412,1.5355,10.0131,9.37032,
9.97526,9.58809,10.0467,9.74198,1.6043,1.53549,10.0162,9.47028,
9.97599,9.68765,10.0488,9.84196,1.61448,1.53549,10.0183,9.57025,
9.97573,9.7872,10.0499,9.94195,1.62465,1.53548,10.0194,9.67025,
9.97447,9.88675,10.05,10.042,1.63483,1.53548,10.0195,9.77025,
9.97223,9.98628,10.049,10.1419,1.64499,1.53547,10.0185,9.87024,
9.96899,10.0858,10.0471,10.2419,1.65516,1.53547,10.0166,9.97023,
9.96475,10.1852,10.0442,10.3419,1.66532,1.53546,10.0137,10.0702,
9.95953,10.2847,10.0403,10.4418,1.67549,1.53545,10.0098,10.1701,
9.95331,10.384,10.0354,10.5417,1.68564,1.53545,10.0049,10.27,
9.94611,10.4833,10.0294,10.6415,1.6958,1.53544,9.99895,10.3698,
9.93791,10.5825,10.0225,10.7413,1.70595,1.53544,9.99203,10.4696,
9.92873,10.6816,10.0146,10.841,1.7161,1.53543,9.98412,10.5693,
9.91855,10.7806,10.0057,10.9406,1.72625,1.53543,9.97521,10.6689,
9.90739,10.8796,9.9958,11.0401,1.7364,1.53542,9.96531,10.7684,
9.89525,10.9784,9.9849,11.1395,1.74654,1.53542,9.95441,10.8678,
9.88211,11.077,9.97301,11.2388,1.75669,1.53541,9.94252,10.9671,
9.868,11.1756,9.96012,11.3379,1.76683,1.53541,9.92963,11.0662,
9.8529,11.2739,9.94625,11.437,1.77696,1.5354,9.91576,11.1653,
9.83682,11.3722,9.93138,11.5359,1.7871,1.5354,9.90089,11.2642,
9.81977,11.4702,9.91553,11.6346,1.79723,1.5354,9.88504,11.3629,
9.80173,11.5681,9.89869,11.7332,1.80736,1.53539,9.8682,11.4615,
9.78272,11.6658,9.88087,11.8316,1.81749,1.53539,9.85037,11.5599,
9.76274,11.7633,9.86206,11.9298,1.82762,1.53538,9.83157,11.6581,
9.74178,11.8606,9.84227,12.0278,1.83775,1.53538,9.81178,11.7561,
9.71986,11.9577,9.8215,12.1256,1.84787,1.53537,9.79101,11.8539,
9.69696,12.0545,9.79976,12.2232,1.85799,1.53537,9.76926,11.9515,
9.6731,12.1512,9.77704,12.3206,1.86811,1.53537,9.74654,12.0489,
9.64828,12.2475,9.75334,12.4178,1.87823,1.53536,9.72285,12.1461,
9.6225,12.3437,9.72868,12.5147,1.88834,1.53536,9.69819,12.243,
9.59576,12.4395,9.70305,12.6113,1.89846,1.53535,9.67256,12.3396,
9.56807,12.5351,9.67645,12.7077,1.90857,1.53535,9.64596,12.436,
9.53942,12.6304,9.64889,12.8039,1.91868,1.53535,9.6184,12.5322,
9.50982,12.7254,9.62037,12.8997,1.92879,1.53534,9.58988,12.628,
9.47928,12.8202,9.5909,12.9953,1.9389,1.53534,9.56041,12.7236,
9.44779,12.9146,9.56047,13.0905,1.949,1.53534,9.52998,12.8188,
9.41536,13.0087,9.52909,13.1855,1.95911,1.53533,9.4986,12.9138,
9.38199,13.1024,9.49676,13.2801,1.96921,1.53533,9.46627,13.0084,
9.3477,13.1958,9.46348,13.3744,1.97931,1.53532,9.43299,13.1027,
9.31246,13.2889,9.42927,13.4684,1.98941,1.53532,9.39878,13.1967,
9.27631,13.3816,9.39412,13.562,1.99951,1.53532,9.36362,13.2903,
9.23923,13.4739,9.35803,13.6552,2.0096,1.53531,9.32754,13.3835,
9.20123,13.5659,9.32101,13.7481,2.0197,1.53531,9.29052,13.4764,
9.16231,13.6575,9.28307,13.8407,2.02979,1.53531,9.25257,13.569,
9.12248,13.7487,9.2442,13.9328,2.03988,1.5353,9.21371,13.6611,
9.08174,13.8395,9.20441,14.0245,2.04997,1.5353,9.17392,13.7528,
9.0401,13.9298,9.16371,14.1159,2.06006,1.5353,9.13321,13.8442,
8.99756,14.0198,9.12209,14.2068,2.07015,1.5353,9.0916,13.9351,
8.95412,14.1093,9.07957,14.2973,2.08023,1.53529,9.04908,14.0256,
8.90979,14.1984,9.03614,14.3874,2.09032,1.53529,9.00565,14.1157,
8.86458,14.287,8.99182,14.477,2.1004,1.53529,8.96133,14.2053,
8.81848,14.3752,8.9466,14.5662,2.11048,1.53528,8.91611,14.2945,
8.7715,14.4629,8.9005,14.655,2.12056,1.53528,8.87,14.3833,
8.72365,14.5502,8.8535,14.7432,2.13064,1.53528,8.82301,14.4715,
8.67493,14.6369,8.80563,14.831,2.14072,1.53528,8.77514,14.5593,
8.62535,14.7232,8.75688,14.9184,2.1508,1.53527,8.72639,14.6466,
8.57491,14.809,8.70726,15.0052,2.16087,1.53527,8.67677,14.7335,
8.52361,14.8942,8.65678,15.0915,2.17095,1.53527,8.62629,14.8198,
8.47147,14.979,8.60543,15.1773,2.18102,1.53527,8.57494,14.9056,
8.41848,15.0632,8.55323,15.2626,2.19109,1.53526,8.52274,14.9909,
8.36466,15.1469,8.50018,15.3474,2.20116,1.53526,8.46969,15.0757,
8.31,15.23,8.44629,15.4316,2.21123,1.53526,8.41579,15.1599,
8.25452,15.3126,8.39155,15.5153,2.2213,1.53526,8.36106,15.2436,
8.19821,15.3946,8.33598,15.5984,2.23137,1.53525,8.30549,15.3267,
8.14109,15.4761,8.27958,15.681,2.24144,1.53525,8.24909,15.4093,
8.08315,15.557,8.22236,15.763,2.2515,1.53525,8.19187,15.4913,
8.02441,15.6373,8.16432,15.8445,2.26157,1.53525,8.13383,15.5727,
7.96488,15.717,8.10547,15.9253,2.27163,1.53524,8.07498,15.6536,
7.90455,15.7961,8.04582,16.0056,2.28169,1.53524,8.01532,15.7339,
7.84343,15.8746,7.98536,16.0852,2.29176,1.53524,7.95487,15.8135,
7.78153,15.9525,7.92411,16.1643,2.30182,1.53524,7.89362,15.8926,
7.71886,16.0298,7.86208,16.2427,2.31188,1.53524,7.83158,15.971,
7.65542,16.1064,7.79926,16.3205,2.32194,1.53523,7.76877,16.0488,
7.59121,16.1824,7.73567,16.3977,2.33199,1.53523,7.70517,16.126,
7.52625,16.2578,7.67131,16.4742,2.34205,1.53523,7.64081,16.2025,
7.46054,16.3325,7.60618,16.5501,2.35211,1.53523,7.57569,16.2784,
7.39409,16.4065,7.5403,16.6253,2.36216,1.53523,7.50981,16.3536,
7.3269,16.4799,7.47368,16.6999,2.37222,1.53522,7.44318,16.4282,
7.25899,16.5526,7.40631,16.7738,2.38227,1.53522,7.37581,16.5021,
7.19035,16.6246,7.3382,16.847,2.39232,1.53522,7.30771,16.5753,
7.12099,16.6959,7.26937,16.9196,2.40238,1.53522,7.23887,16.6479,
7.05093,16.7665,7.19981,16.9914,2.41243,1.53522,7.16932,16.7197,
6.98016,16.8365,7.12954,17.0626,2.42248,1.53521,7.09905,16.7909,
6.9087,16.9057,7.05856,17.133,2.43253,1.53521,7.02807,16.8613,
6.83655,16.9742,6.98688,17.2027,2.44257,1.53521,6.95639,16.931,
6.76372,17.0419,6.91451,17.2717,2.45262,1.53521,6.88401,17,
6.69022,17.109,6.84145,17.34,2.46267,1.53521,6.81095,17.0683,
6.61605,17.1753,6.76771,17.4076,2.47272,1.53521,6.73721,17.1359,
6.54123,17.2408,6.69329,17.4744,2.48276,1.5352,6.6628,17.2027,
6.46575,17.3056,6.61822,17.5404,2.49281,1.5352,6.58773,17.2687,
6.38963,17.3697,6.54249,17.6057,2.50285,1.5352,6.512,17.334,
6.31287,17.433,6.46611,17.6703,2.5129,1.5352,6.43561,17.3986,
6.23549,17.4955,6.38908,17.7341,2.52294,1.5352,6.35859,17.4623,
6.15748,17.5572,6.31143,17.7971,2.53298,1.5352,6.28093,17.5254,
6.07886,17.6182,6.23314,17.8593,2.54302,1.5352,6.20265,17.5876,
5.99964,17.6783,6.15424,17.9207,2.55306,1.53519,6.12375,17.649,
5.91982,17.7377,6.07473,17.9814,2.5631,1.53519,6.04424,17.7097,
5.83941,17.7963,5.99461,18.0412,2.57314,1.53519,5.96412,17.7695,
5.75842,17.854,5.91391,18.1003,2.58318,1.53519,5.88341,17.8285,
5.67685,17.911,5.83261,18.1585,2.59322,1.53519,5.80212,17.8868,
5.59472,17.9671,5.75074,18.2159,2.60326,1.53519,5.72025,17.9442,
5.51204,18.0224,5.66829,18.2725,2.6133,1.53519,5.6378,18.0008,
5.42881,18.0769,5.58529,18.3283,2.62333,1.53518,5.5548,18.0566,
5.34503,18.1306,5.50173,18.3832,2.63337,1.53518,5.47124,18.1115,
5.26073,18.1834,5.41763,18.4373,2.64341,1.53518,5.38713,18.1656,
5.1759,18.2353,5.33298,18.4906,2.65344,1.53518,5.30249,18.2188,
5.09056,18.2864,5.24782,18.543,2.66347,1.53518,5.21732,18.2713,
5.00471,18.3367,5.16213,18.5945,2.67351,1.53518,5.13163,18.3228,
4.91836,18.3861,5.07593,18.6452,2.68354,1.53518,5.04543,18.3735,
4.83152,18.4346,4.98922,18.695,2.69357,1.53518,4.95873,18.4233,
4.74421,18.4823,4.90203,18.744,2.70361,1.53518,4.87154,18.4723,
4.65642,18.529,4.81435,18.7921,2.71364,1.53517,4.78385,18.5204,
4.56817,18.5749,4.72619,18.8393,2.72367,1.53517,4.6957,18.5676,
4.47946,18.62,4.63756,18.8856,2.7337,1.53517,4.60707,18.6139,
4.39031,18.6641,4.54848,18.931,2.74373,1.53517,4.51799,18.6593,
4.30073,18.7073,4.45894,18.9756,2.75376,1.53517,4.42845,18.7038,
4.21071,18.7496,4.36897,19.0192,2.76379,1.53517,4.33848,18.7475,
4.12028,18.7911,4.27856,19.0619,2.77382,1.53517,4.24807,18.7902,
4.02944,18.8316,4.18773,19.1038,2.78385,1.53517,4.15724,18.8321,
3.9382,18.8712,4.09649,19.1447,2.79388,1.53517,4.06599,18.873,
3.84656,18.9099,4.00484,19.1847,2.8039,1.53516,3.97435,18.913,
3.75455,18.9477,3.91279,19.2238,2.81393,1.53516,3.8823,18.9521,
3.66216,18.9846,3.82036,19.2619,2.82396,1.53516,3.78987,18.9902,
3.56941,19.0205,3.72756,19.2992,2.83399,1.53516,3.69706,19.0275,
3.4763,19.0555,3.63438,19.3355,2.84401,1.53516,3.60389,19.0638,
3.38285,19.0896,3.54085,19.3709,2.85404,1.53516,3.51036,19.0992,
3.28906,19.1227,3.44696,19.4053,2.86406,1.53516,3.41647,19.1336,
3.19495,19.1549,3.35274,19.4388,2.87409,1.53516,3.32225,19.1671,
3.10052,19.1862,3.25819,19.4714,2.88411,1.53516,3.2277,19.1997,
3.00578,19.2165,3.16332,19.503,2.89413,1.53516,3.13283,19.2313,
2.91074,19.2459,3.06813,19.5336,2.90416,1.53516,3.03764,19.2619,
2.81542,19.2743,2.97265,19.5633,2.91418,1.53516,2.94215,19.2916,
2.71981,19.3018,2.87687,19.5921,2.9242,1.53515,2.84638,19.3204,
2.62394,19.3283,2.78081,19.6199,2.93423,1.53515,2.75031,19.3482,
2.52781,19.3538,2.68447,19.6467,2.94425,1.53515,2.65398,19.375,
2.43142,19.3784,2.58787,19.6726,2.95427,1.53515,2.55738,19.4009,
2.3348,19.402,2.49102,19.6975,2.96429,1.53515,2.46053,19.4258,
2.23794,19.4246,2.39393,19.7214,2.97431,1.53515,2.36343,19.4497,
2.14087,19.4463,2.2966,19.7443,2.98433,1.53515,2.2661,19.4726,
2.04358,19.467,2.19904,19.7663,2.99436,1.53515,2.16855,19.4946,
1.94609,19.4868,2.10127,19.7873,3.00438,1.53515,2.07078,19.5156,
1.8484,19.5055,2.0033,19.8073,3.0144,1.53515,1.9728,19.5356,
1.75054,19.5233,1.90513,19.8264,3.02442,1.53515,1.87463,19.5547,
1.6525,19.5401,1.80677,19.8444,3.03443,1.53515,1.77628,19.5727,
1.5543,19.5559,1.70824,19.8615,3.04445,1.53515,1.67775,19.5898,
1.45595,19.5708,1.60954,19.8776,3.05447,1.53515,1.57905,19.6059,
1.35745,19.5846,1.51069,19.8927,3.06449,1.53514,1.4802,19.621,
1.25882,19.5975,1.41169,19.9068,3.07451,1.53514,1.3812,19.6351,
1.16006,19.6094,1.31255,19.9199,3.08453,1.53514,1.28206,19.6482,
1.0612,19.6203,1.21329,19.9321,3.09454,1.53514,1.1828,19.6604,
0.962225,19.6302,1.11391,19.9432,3.10456,1.53514,1.08342,19.6715,
0.86316,19.6391,1.01443,19.9533,3.11458,1.53514,0.983938,19.6816,
0.76401,19.647,0.914848,19.9625,3.12459,1.53514,0.884357,19.6908,
0.664786,19.6539,0.815181,19.9706,3.13461,1.53514,0.78469,19.6989,
0.565498,19.6599,0.715437,19.9778,3.14463,1.53514,0.684946,19.7061,
0.466156,19.6648,0.615627,19.9839,3.15464,1.53514,0.585135,19.7122,
0.36677,19.6688,0.51576,19.9891,3.16466,1.53514,0.485268,19.7174,
0.267349,19.6717,0.415846,19.9933,3.17467,1.53514,0.385355,19.7216,
0.167903,19.6737,0.315896,19.9964,3.18469,1.53514,0.285405,19.7247,
0.0684433,19.6747,0.21592,19.9986,3.1947,1.53514,0.185428,19.7269,
-0.0310213,19.6747,0.115926,19.9997,3.20472,1.53514,0.0854349,19.728,
-0.130481,19.6736,0.0159265,19.9999,3.21473,1.53514,-0.014565,19.7282,
-0.229925,19.6716,-0.08407,19.9991,3.22475,1.53514,-0.114561,19.7274,
-0.329343,19.6686,-0.184053,19.9972,3.23476,1.53513,-0.214545,19.7255,
-0.428727,19.6646,-0.284013,19.9944,3.24478,1.53513,-0.314504,19.7227,
-0.528066,19.6596,-0.383939,19.9905,3.25479,1.53513,-0.41443,19.7188,
-0.627349,19.6537,-0.483822,19.9857,3.2648,1.53513,-0.514313,19.714,
-0.726568,19.6467,-0.583651,19.9799,3.27482,1.53513,-0.614143,19.7082,
-0.825712,19.6387,-0.683417,19.973,3.28483,1.53513,-0.713909,19.7013,
-0.924771,19.6297,-0.78311,19.9652,3.29484,1.53513,-0.813602,19.6935,
-1.02374,19.6198,-0.88272,19.9564,3.30485,1.53513,-0.913211,19.6847,
-1.1226,19.6089,-0.982236,19.9465,3.31487,1.53513,-1.01273,19.6748,
-1.22134,19.5969,-1.08165,19.9357,3.32488,1.53513,-1.11214,19.664,
-1.31996,19.584,-1.18095,19.9239,3.33489,1.53513,-1.21144,19.6522,
-1.41845,19.5701,-1.28013,19.9111,3.3449,1.53513,-1.31062,19.6394,
-1.51679,19.5552,-1.37917,19.8973,3.35492,1.53513,-1.40966,19.6256,
-1.61498,19.5394,-1.47807,19.8825,3.36493,1.53513,-1.50856,19.6108,
-1.71301,19.5225,-1.57682,19.8667,3.37494,1.53513,-1.60731,19.595,
-1.81086,19.5047,-1.6754,19.85,3.38495,1.53513,-1.70589,19.5783,
-1.90853,19.4859,-1.77382,19.8322,3.39496,1.53513,-1.80431,19.5605,
-2.00601,19.4661,-1.87205,19.8135,3.40497,1.53513,-1.90254,19.5418,
-2.10328,19.4454,-1.97008,19.7938,3.41498,1.53513,-2.00058,19.5221,
-2.20034,19.4236,-2.06792,19.7731,3.42499,1.53513,-2.09841,19.5014,
-2.29718,19.401,-2.16554,19.7514,3.435,1.53513,-2.19604,19.4797,
-2.39379,19.3773,-2.26295,19.7288,3.44501,1.53513,-2.29344,19.4571,
-2.49015,19.3527,-2.36012,19.7052,3.45502,1.53513,-2.39061,19.4335,
-2.58627,19.3271,-2.45705,19.6806,3.46503,1.53513,-2.48754,19.4089,
-2.68212,19.3005,-2.55373,19.655,3.47504,1.53512,-2.58422,19.3833,
-2.7777,19.273,-2.65015,19.6285,3.48505,1.53512,-2.68064,19.3568,
-2.87301,19.2446,-2.7463,19.601,3.49506,1.53512,-2.77679,19.3293,
-2.96802,19.2152,-2.84217,19.5726,3.50507,1.53512,-2.87266,19.3009,
-3.06274,19.1848,-2.93775,19.5432,3.51508,1.53512,-2.96824,19.2715,
-3.15714,19.1535,-3.03303,19.5128,3.52509,1.53512,-3.06352,19.2411,
-3.25123,19.1213,-3.128,19.4815,3.5351,1.53512,-3.1585,19.2098,
-3.34499,19.0881,-3.22266,19.4493,3.5451,1.53512,-3.25315,19.1776,
-3.43842,19.054,-3.31699,19.4161,3.55511,1.53512,-3.34748,19.1444,
-3.5315,19.0189,-3.41098,19.3819,3.56512,1.53512,-3.44147,19.1102,
-3.62422,18.9829,-3.50463,19.3469,3.57513,1.53512,-3.53512,19.0752,
-3.71658,18.946,-3.59792,19.3109,3.58514,1.53512,-3.62841,19.0391,
-3.80857,18.9082,-3.69084,19.2739,3.59515,1.53512,-3.72133,19.0022,
-3.90017,18.8694,-3.78339,19.236,3.60515,1.53512,-3.81388,18.9643,
-3.99139,18.8298,-3.87556,19.1972,3.61516,1.53512,-3.90605,18.9255,
-4.0822,18.7892,-3.96734,19.1575,3.62517,1.53512,-3.99783,18.8858,
-4.1726,18.7477,-4.05871,19.1169,3.63518,1.53512,-4.0892,18.8452,
-4.26258,18.7054,-4.14967,19.0754,3.64518,1.53512,-4.18016,18.8037,
-4.35213,18.6621,-4.24022,19.0329,3.65519,1.53512,-4.27071,18.7612,
-4.44124,18.6179,-4.33033,18.9896,3.6652,1.53512,-4.36082,18.7178,
-4.52991,18.5729,-4.42001,18.9453,3.67521,1.53512,-4.4505,18.6736,
-4.61813,18.5269,-4.50923,18.9002,3.68521,1.53512,-4.53973,18.6284,
-4.70588,18.4801,-4.59801,18.8541,3.69522,1.53512,-4.6285,18.5824,
-4.79315,18.4324,-4.68632,18.8072,3.70523,1.53512,-4.71681,18.5355,
-4.87995,18.3838,-4.77415,18.7594,3.71523,1.53512,-4.80464,18.4877,
-4.96626,18.3344,-4.8615,18.7107,3.72524,1.53512,-4.89199,18.439,
-5.05207,18.2841,-4.94836,18.6612,3.73525,1.53512,-4.97885,18.3895,
-5.13737,18.233,-5.03472,18.6107,3.74525,1.53512,-5.06522,18.339,
-5.22215,18.181,-5.12058,18.5595,3.75526,1.53512,-5.15107,18.2878,
-5.30641,18.1281,-5.20591,18.5073,3.76526,1.53512,-5.2364,18.2356,
-5.39014,18.0744,-5.29072,18.4544,3.77527,1.53512,-5.32121,18.1826,
-5.47333,18.0199,-5.375,18.4005,3.78528,1.53512,-5.40549,18.1288,
-5.55596,17.9646,-5.45873,18.3459,3.79528,1.53512,-5.48922,18.0742,
-5.63804,17.9084,-5.54191,18.2904,3.80529,1.53512,-5.57241,18.0186,
-5.71956,17.8514,-5.62454,18.234,3.81529,1.53512,-5.65503,17.9623,
-5.8005,17.7936,-5.70659,18.1769,3.8253,1.53512,-5.73708,17.9052,
-5.88086,17.735,-5.78807,18.1189,3.8353,1.53512,-5.81857,17.8472,
-5.96062,17.6756,-5.86897,18.0601,3.84531,1.53512,-5.89946,17.7884,
-6.03979,17.6154,-5.94927,18.0005,3.85532,1.53512,-5.97977,17.7288,
-6.11836,17.5544,-6.02898,17.9401,3.86532,1.53512,-6.05947,17.6684,
-6.19631,17.4926,-6.10808,17.8789,3.87533,1.53511,-6.13857,17.6072,
-6.27364,17.4301,-6.18656,17.817,3.88533,1.53511,-6.21705,17.5453,
-6.35034,17.3668,-6.26441,17.7542,3.89534,1.53511,-6.29491,17.4825,
-6.4264,17.3027,-6.34164,17.6907,3.90534,1.53511,-6.37213,17.419,
-6.50182,17.2378,-6.41823,17.6264,3.91535,1.53511,-6.44872,17.3547,
-6.57658,17.1723,-6.49417,17.5613,3.92535,1.53511,-6.52466,17.2896,
-6.65069,17.1059,-6.56945,17.4955,3.93535,1.53511,-6.59994,17.2238,
-6.72413,17.0388,-6.64408,17.4289,3.94536,1.53511,-6.67457,17.1572,
-6.79689,16.971,-6.71803,17.3616,3.95536,1.53511,-6.74852,17.0899,
-6.86898,16.9025,-6.79131,17.2936,3.96537,1.53511,-6.8218,17.0219,
-6.94037,16.8333,-6.8639,17.2248,3.97537,1.53511,-6.89439,16.9531,
-7.01107,16.7633,-6.9358,17.1553,3.98538,1.53511,-6.96629,16.8836,
-7.08107,16.6927,-7.00701,17.0851,3.99538,1.53511,-7.0375,16.8134,
-7.15035,16.6213,-7.0775,17.0142,4.00539,1.53511,-7.108,16.7424,
-7.21892,16.5493,-7.14729,16.9425,4.01539,1.53511,-7.17778,16.6708,
-7.28676,16.4765,-7.21635,16.8702,4.02539,1.53511,-7.24684,16.5985,
-7.35388,16.4031,-7.28469,16.7972,4.0354,1.53511,-7.31518,16.5255,
-7.42025,16.3291,-7.3523,16.7235,4.0454,1.53511,-7.38279,16.4518,
-7.48589,16.2543,-7.41916,16.6492,4.05541,1.53511,-7.44965,16.3775,
-7.55077,16.179,-7.48528,16.5741,4.06541,1.53511,-7.51577,16.3024,
-7.61489,16.1029,-7.55064,16.4985,4.07541,1.53511,-7.58114,16.2268,
-7.67825,16.0263,-7.61525,16.4221,4.08542,1.53511,-7.64574,16.1504,
-7.74085,15.949,-7.67909,16.3452,4.09542,1.53511,-7.70958,16.0735,
-7.80266,15.8711,-7.74215,16.2675,4.10542,1.53511,-7.77264,15.9958,
-7.86369,15.7925,-7.80444,16.1893,4.11543,1.53511,-7.83493,15.9176,
-7.92394,15.7134,-7.86594,16.1105,4.12543,1.53511,-7.89643,15.8388,
-7.98339,15.6337,-7.92665,16.031,4.13543,1.53511,-7.95714,15.7593,
-8.04204,15.5533,-7.98656,15.9509,4.14544,1.53511,-8.01705,15.6792,
-8.09989,15.4724,-8.04566,15.8703,4.15544,1.53511,-8.07616,15.5986,
-8.15692,15.3909,-8.10396,15.789,4.16544,1.53511,-8.13445,15.5173,
-8.21313,15.3089,-8.16144,15.7072,4.17545,1.53511,-8.19194,15.4355,
-8.26852,15.2263,-8.21811,15.6248,4.18545,1.53511,-8.2486,15.3531,
-8.32309,15.1431,-8.27394,15.5418,4.19545,1.53511,-8.30443,15.2701,
-8.37682,15.0594,-8.32894,15.4583,4.20546,1.53511,-8.35943,15.1866,
-8.4297,14.9752,-8.38311,15.3743,4.21546,1.53511,-8.4136,15.1026,
-8.48175,14.8905,-8.43643,15.2897,4.22546,1.53511,-8.46692,15.018,
-8.53294,14.8052,-8.4889,15.2045,4.23547,1.53511,-8.51939,14.9328,
-8.58328,14.7194,-8.54052,15.1189,4.24547,1.53511,-8.57101,14.8472,
-8.63276,14.6331,-8.59128,15.0327,4.25547,1.53511,-8.62177,14.761,
-8.68137,14.5464,-8.64117,14.9461,4.26547,1.53511,-8.67166,14.6744,
-8.72912,14.4591,-8.6902,14.8589,4.27548,1.53511,-8.72069,14.5872,
-8.77598,14.3714,-8.73835,14.7713,4.28548,1.53511,-8.76884,14.4996,
-8.82197,14.2832,-8.78562,14.6831,4.29548,1.53511,-8.81611,14.4114,
-8.86708,14.1946,-8.83201,14.5946,4.30548,1.53511,-8.8625,14.3228,
-8.91129,14.1055,-8.87751,14.5055,4.31549,1.53511,-8.90801,14.2338,
-8.95462,14.0159,-8.92212,14.416,4.32549,1.53511,-8.95261,14.1443,
-8.99704,13.926,-8.96583,14.3261,4.33549,1.53511,-8.99633,14.0544,
-9.03857,13.8356,-9.00864,14.2357,4.34549,1.53511,-9.03914,13.964,
-9.07918,13.7448,-9.05055,14.1449,4.3555,1.53511,-9.08104,13.8732,
-9.11889,13.6536,-9.09154,14.0537,4.3655,1.53511,-9.12203,13.782,
-9.15769,13.5621,-9.13162,13.9621,4.3755,1.53511,-9.16211,13.6904,
-9.19556,13.4701,-9.17078,13.8701,4.3855,1.53511,-9.20128,13.5983,
-9.23252,13.3778,-9.20902,13.7777,4.39551,1.53511,-9.23952,13.5059,
-9.26855,13.2851,-9.24634,13.6849,4.40551,1.53511,-9.27683,13.4132,
-9.30365,13.192,-9.28272,13.5917,4.41551,1.53511,-9.31321,13.32,
-9.33782,13.0986,-9.31817,13.4982,4.42551,1.53511,-9.34866,13.2265,
-9.37105,13.0049,-9.35269,13.4044,4.43552,1.53511,-9.38318,13.1327,
-9.40335,12.9108,-9.38626,13.3102,4.44552,1.53511,-9.41675,13.0385,
-9.4347,12.8164,-9.41889,13.2156,4.45552,1.53511,-9.44938,12.9439,
-9.46511,12.7217,-9.45057,13.1208,4.46552,1.53511,-9.48107,12.8491,
-9.49457,12.6267,-9.48131,13.0256,4.47552,1.53511,-9.5118,12.7539,
-9.52307,12.5314,-9.51109,12.9302,4.48553,1.53511,-9.54158,12.6585,
-9.55063,12.4359,-9.53991,12.8344,4.49553,1.53511,-9.5704,12.5627,
-9.57722,12.34,-9.56778,12.7384,4.50553,1.53511,-9.59827,12.4667,
-9.60286,12.2439,-9.59468,12.6421,4.51553,1.53511,-9.62517,12.3704,
-9.62753,12.1476,-9.62062,12.5455,4.52553,1.53511,-9.65111,12.2738,
-9.65124,12.051,-9.64559,12.4487,4.53553,1.53511,-9.67608,12.177,
-9.67398,11.9542,-9.66959,12.3516,4.54554,1.53511,-9.70009,12.0799,
-9.69575,11.8571,-9.69262,12.2543,4.55554,1.53511,-9.72312,11.9826,
-9.71656,11.7599,-9.71468,12.1567,4.56554,1.53511,-9.74517,11.885,
-9.73638,11.6624,-9.73576,12.059,4.57554,1.53511,-9.76625,11.7873,
-9.75524,11.5648,-9.75586,11.961,4.58554,1.53511,-9.78635,11.6893,
-9.77311,11.4669,-9.77498,11.8629,4.59555,1.53511,-9.80547,11.5912,
-9.79001,11.3689,-9.79312,11.7645,4.60555,1.53511,-9.82361,11.4928,
-9.80592,11.2707,-9.81027,11.666,4.61555,1.53511,-9.84076,11.3943,
-9.82085,11.1724,-9.82644,11.5673,4.62555,1.53511,-9.85693,11.2956,
-9.8348,11.0739,-9.84162,11.4685,4.63555,1.53511,-9.87211,11.1968,
-9.84776,10.9753,-9.85581,11.3695,4.64555,1.53511,-9.8863,11.0978,
-9.85974,10.8766,-9.86901,11.2704,4.65555,1.53511,-9.8995,10.9987,
-9.87073,10.7777,-9.88122,11.1711,4.66556,1.53511,-9.91171,10.8994,
-9.88073,10.6788,-9.89243,11.0717,4.67556,1.53511,-9.92293,10.8,
-9.88974,10.5797,-9.90266,10.9723,4.68556,1.53511,-9.93315,10.7006,
-9.89775,10.4806,-9.91188,10.8727,4.69556,1.53511,-9.94237,10.601,
-9.90478,10.3814,-9.92011,10.773,4.70556,1.53511,-9.9506,10.5013,
-9.91081,10.2821,-9.92734,10.6733,4.71556,1.53511,-9.95784,10.4016,
-9.91586,10.1828,-9.93358,10.5735,4.72556,1.53511,-9.96407,10.3018,
-9.9199,10.0834,-9.93882,10.4736,4.73557,1.53511,-9.96931,10.2019,
-9.92296,9.984,-9.94305,10.3737,4.74557,1.53511,-9.97354,10.102,
-9.92502,9.88456,-9.94629,10.2738,4.75557,1.53511,-9.97678,10.0021,
-9.92608,9.78511,-9.94853,10.1738,4.76557,1.53511,-9.97902,9.90209,
-9.92615,9.68566,-9.94977,10.0738,4.77557,1.53511,-9.98026,9.8021,
-9.92523,9.5862,-9.95001,9.97381,4.78557,1.53511,-9.9805,9.7021,
-9.92331,9.48676,-9.94925,9.87381,4.79557,1.53511,-9.97974,9.6021,
-9.9204,9.38735,-9.94749,9.77382,4.80557,1.53511,-9.97798,9.50212,
-9.91649,9.28797,-9.94472,9.67386,4.81558,1.53511,-9.97522,9.40216,
-9.91159,9.18863,-9.94096,9.57393,4.82558,1.53511,-9.97146,9.30223,
-9.9057,9.08935,-9.93621,9.47405,4.83558,1.53511,-9.9667,9.20234,
-9.89881,8.99013,-9.93045,9.37421,4.84558,1.53511,-9.96094,9.10251,
-9.89093,8.89099,-9.92369,9.27444,4.85558,1.53511,-9.95418,9.00274,
-9.88206,8.79193,-9.91594,9.17474,4.86558,1.53511,-9.94643,8.90304,
-9.87221,8.69296,-9.90719,9.07513,4.87558,1.53511,-9.93768,8.80342,
-9.86136,8.5941,-9.89744,8.9756,4.88558,1.53511,-9.92793,8.7039,
-9.84952,8.49535,-9.8867,8.87618,4.89558,1.53511,-9.91719,8.60448,
-9.8367,8.39672,-9.87497,8.77687,4.90559,1.53511,-9.90546,8.50517,
-9.82289,8.29823,-9.86224,8.67768,4.91559,1.53511,-9.89273,8.40598,
-9.8081,8.19988,-9.84852,8.57863,4.92559,1.53511,-9.87902,8.30693,
-9.79232,8.10168,-9.83382,8.47972,4.93559,1.53511,-9.86431,8.20801,
-9.77557,8.00364,-9.81812,8.38096,4.94559,1.53511,-9.84861,8.10925,
-9.75783,7.90578,-9.80144,8.28236,4.95559,1.53511,-9.83193,8.01065,
-9.73912,7.8081,-9.78377,8.18393,4.96559,1.53511,-9.81426,7.91223,
-9.71943,7.71061,-9.76512,8.08569,4.97559,1.53511,-9.79561,7.81398,
-9.69876,7.61332,-9.74549,7.98763,4.98559,1.53511,-9.77598,7.71593,
-9.67713,7.51625,-9.72487,7.88978,4.99559,1.53511,-9.75537,7.61807,
-9.65452,7.4194,-9.70328,7.79214,5.00559,1.53511,-9.73378,7.52043,
-9.63095,7.32277,-9.68072,7.69472,5.0156,1.53511,-9.71121,7.42301,
-9.60641,7.22639,-9.65718,7.59753,5.0256,1.53511,-9.68767,7.32582,
-9.58091,7.13026,-9.63267,7.50058,5.0356,1.53511,-9.66316,7.22887,
-9.55445,7.03439,-9.60719,7.40388,5.0456,1.53511,-9.63769,7.13217,
-9.52704,6.93878,-9.58075,7.30744,5.0556,1.53511,-9.61124,7.03573,
-9.49866,6.84346,-9.55335,7.21126,5.0656,1.53511,-9.58384,6.93956,
